timestamp,rainfall_rate_mm_hr,source,status,data_timestamp
2026-09-15T10:54:23.949292Z,0.0,NASA GPM IMERG Early Run,LIVE,2026-09-15T05:30:00.000Z
2026-09-15T10:55:21.623299Z,0.0,NASA GPM IMERG Early Run,LIVE,2026-09-15T05:30:00.000Z
2026-09-15T10:56:56.602014Z,0.0,NASA GPM IMERG Early Run,LIVE,2026-09-15T05:30:00.000Z
2026-09-16T04:23:39.373976Z,0.09999999403953552,NASA GPM IMERG Early Run,LIVE,2026-09-15T22:30:00.000Z
2026-09-16T04:41:09.365980Z,0.0,NASA GPM IMERG Early Run,LIVE,2026-09-15T23:30:00.000Z
2026-09-16T04:41:09.620864Z,0.0,NASA GPM IMERG Early Run,LIVE,2026-09-15T23:30:00.000Z
2026-09-16T04:42:48.245413Z,0.0,NASA GPM IMERG Early Run,LIVE,2026-09-15T23:30:00.000Z
2026-09-16T04:52:20.196846Z,0.0,NASA GPM IMERG Early Run,LIVE,2026-09-15T23:30:00.000Z
2026-09-16T04:59:35.243435Z,0.0,NASA GPM IMERG Early Run,LIVE,2026-09-15T23:30:00.000Z
2026-09-16T05:04:35.210215Z,0.0,NASA GPM IMERG Early Run,LIVE,2026-09-15T23:30:00.000Z
2026-09-16T05:07:48.781306Z,0.0,NASA GPM IMERG Early Run,LIVE,2026-09-15T23:30:00.000Z
2026-09-16T05:09:09.319374Z,0.0,NASA GPM IMERG Early Run,LIVE,2026-09-15T23:30:00.000Z
2026-09-16T05:17:27.685424Z,0.0,NASA GPM IMERG Early Run,LIVE,2026-09-15T23:30:00.000Z
2026-09-16T06:54:45.956449Z,0.0,NASA GPM IMERG Early Run,LIVE,2026-09-16T01:30:00.000Z
2026-09-16T07:09:52.511945Z,0.0,NASA GPM IMERG Early Run,LIVE,2026-09-16T01:30:00.000Z
2026-09-16T07:16:30.552701Z,0.0,NASA GPM IMERG Early Run,LIVE,2026-09-16T01:30:00.000Z
2026-09-16T07:26:28.762075Z,0.0,NASA GPM IMERG Early Run,LIVE,2026-09-16T01:30:00.000Z
2026-09-16T08:41:57.300670Z,0.0,NASA GPM IMERG Early Run,LIVE,2026-09-16T03:30:00.000Z
2026-09-16T08:52:25.549985Z,0.0,NASA GPM IMERG Early Run,LIVE,2026-09-16T03:30:00.000Z
2026-09-16T09:11:58.550670Z,0.0,NASA GPM IMERG Early Run,LIVE,2026-09-16T03:30:00.000Z
2026-09-16T09:22:03.801226Z,0.0,NASA GPM IMERG Early Run,LIVE,2026-09-16T03:30:00.000Z
2026-09-16T09:31:51.979061Z,0.0,NASA GPM IMERG Early Run,LIVE,2026-09-16T03:30:00.000Z
2026-09-16T09:52:28.389916Z,0.0,NASA GPM IMERG Early Run,LIVE,2026-09-16T04:30:00.000Z
2026-09-16T10:03:08.629008Z,0.0,NASA GPM IMERG Early Run,LIVE,2026-09-16T04:30:00.000Z
2026-09-16T10:12:27.921241Z,0.0,NASA GPM IMERG Early Run,LIVE,2026-09-16T04:30:00.000Z
2026-09-16T10:22:28.217829Z,0.0,NASA GPM IMERG Early Run,LIVE,2026-09-16T04:30:00.000Z
2026-09-16T10:33:01.056655Z,0.0,NASA GPM IMERG Early Run,LIVE,2026-09-16T05:30:00.000Z
2026-09-16T10:42:28.876589Z,0.0,NASA GPM IMERG Early Run,LIVE,2026-09-16T05:30:00.000Z
2026-09-16T13:12:08.048987Z,0.0,NASA GPM IMERG Early Run,LIVE,2026-09-16T07:30:00.000Z
2026-09-16T13:15:16.085824Z,0.0,NASA GPM IMERG Early Run,LIVE,2026-09-16T07:30:00.000Z
2026-09-16T13:15:54.492234Z,0.0,NASA GPM IMERG Early Run,LIVE,2026-09-16T07:30:00.000Z
2026-09-16T13:21:21.963802Z,0.0,NASA GPM IMERG Early Run,LIVE,2026-09-16T07:30:00.000Z
2026-09-16T13:21:26.872312Z,0.0,NASA GPM IMERG Early Run,LIVE,2026-09-16T07:30:00.000Z
2026-09-16T13:21:35.412053Z,0.0,NASA GPM IMERG Early Run,LIVE,2026-09-16T07:30:00.000Z
2026-09-16T13:31:23.152572Z,0.0,NASA GPM IMERG Early Run,LIVE,2026-09-16T07:30:00.000Z
2026-09-16T13:35:52.130515Z,0.0,NASA GPM IMERG Early Run,LIVE,2026-09-16T08:30:00.000Z
2026-09-16T13:38:55.492998Z,0.0,NASA GPM IMERG Early Run,LIVE,2026-09-16T08:30:00.000Z
2026-09-16T13:39:13.827981Z,0.0,NASA GPM IMERG Early Run,LIVE,2026-09-16T08:30:00.000Z
2026-09-16T13:39:35.549680Z,0.0,NASA GPM IMERG Early Run,LIVE,2026-09-16T08:30:00.000Z
2026-09-16T13:40:22.479031Z,0.0,NASA GPM IMERG Early Run,LIVE,2026-09-16T08:30:00.000Z
2026-09-16T13:40:54.096824Z,0.0,NASA GPM IMERG Early Run,LIVE,2026-09-16T08:30:00.000Z
2026-09-16T13:42:24.614842Z,0.0,NASA GPM IMERG Early Run,LIVE,2026-09-16T08:30:00.000Z
2026-09-16T13:52:31.113840Z,0.0,NASA GPM IMERG Early Run,LIVE,2026-09-16T08:30:00.000Z
2026-09-16T13:54:20.244585Z,0.0,NASA GPM IMERG Early Run,LIVE,2026-09-16T08:30:00.000Z
2026-09-16T13:58:58.169282Z,0.0,NASA GPM IMERG Early Run,LIVE,2026-09-16T08:30:00.000Z
2026-09-16T14:02:38.087959Z,0.0,NASA GPM IMERG Early Run,LIVE,2026-09-16T08:30:00.000Z
2026-09-16T14:12:50.138897Z,0.0,NASA GPM IMERG Early Run,LIVE,2026-09-16T08:30:00.000Z
2026-09-16T14:29:58.331251Z,0.0,NASA GPM IMERG Early Run,LIVE,2026-09-16T08:30:00.000Z
2026-09-16T14:30:16.598176Z,0.0,NASA GPM IMERG Early Run,LIVE,2026-09-16T08:30:00.000Z
2026-09-16T14:40:38.622045Z,0.0,NASA GPM IMERG Early Run,LIVE,2026-09-16T09:30:00.000Z
2026-09-17T04:19:08.143276Z,0.0,NASA GPM IMERG Early Run,LIVE,2026-09-16T22:30:00.000Z
2026-09-17T04:28:09.152553Z,0.0,NASA GPM IMERG Early Run,LIVE,2026-09-16T22:30:00.000Z
2026-09-17T04:28:43.074636Z,0.0,NASA GPM IMERG Early Run,LIVE,2026-09-16T22:30:00.000Z
2026-09-17T04:42:27.869795Z,0.0,NASA GPM IMERG Early Run,LIVE,2026-09-16T23:30:00.000Z
2026-09-17T04:42:55.707435Z,0.0,NASA GPM IMERG Early Run,LIVE,2026-09-16T23:30:00.000Z
2026-09-17T04:46:10.641875Z,0.0,NASA GPM IMERG Early Run,LIVE,2026-09-16T23:30:00.000Z
2026-09-17T04:49:59.637364Z,0.0,NASA GPM IMERG Early Run,LIVE,2026-09-16T23:30:00.000Z
2026-09-17T04:55:13.333862Z,0.0,NASA GPM IMERG Early Run,LIVE,2026-09-16T23:30:00.000Z
2026-09-17T04:55:21.352519Z,0.0,NASA GPM IMERG Early Run,LIVE,2026-09-16T23:30:00.000Z
2026-09-17T05:05:17.906930Z,0.0,NASA GPM IMERG Early Run,LIVE,2026-09-16T23:30:00.000Z
2026-09-17T05:08:39.175988Z,0.0,NASA GPM IMERG Early Run,LIVE,2026-09-16T23:30:00.000Z
2026-09-17T05:13:06.333769Z,0.0,NASA GPM IMERG Early Run,LIVE,2026-09-16T23:30:00.000Z
2026-09-17T05:32:18.178778Z,0.0,NASA GPM IMERG Early Run,LIVE,2026-09-16T23:30:00.000Z
2026-09-17T05:43:17.169555Z,0.0,NASA GPM IMERG Early Run,LIVE,2026-09-17T00:30:00.000Z
2026-09-17T07:23:51.275429Z,0.0,NASA GPM IMERG Early Run,LIVE,2026-09-17T01:30:00.000Z
2026-09-18T05:08:45.148876Z,0.0,NASA GPM IMERG Early Run,LIVE,2026-09-17T23:30:00.000Z
2026-09-18T05:09:42.964963Z,0.0,NASA GPM IMERG Early Run,LIVE,2026-09-17T23:30:00.000Z
2026-09-18T05:13:58.690770Z,0.0,NASA GPM IMERG Early Run,LIVE,2026-09-17T23:30:00.000Z
2026-09-18T05:15:39.096604Z,0.0,NASA GPM IMERG Early Run,LIVE,2026-09-17T23:30:00.000Z
2026-09-18T05:23:47.683823Z,0.0,NASA GPM IMERG Early Run,LIVE,2026-09-17T23:30:00.000Z
2026-09-18T05:23:56.851033Z,0.0,NASA GPM IMERG Early Run,LIVE,2026-09-17T23:30:00.000Z
2026-09-18T05:24:40.606308Z,0.0,NASA GPM IMERG Early Run,LIVE,2026-09-17T23:30:00.000Z
2026-09-18T06:13:24.364804Z,0.0,NASA GPM IMERG Early Run,LIVE,2026-09-18T00:00:00.000Z
2026-09-18T06:15:28.817161Z,0.0,NASA GPM IMERG Early Run,LIVE,2026-09-18T00:00:00.000Z
2026-09-18T06:20:19.657731Z,0.0,NASA GPM IMERG Early Run,LIVE,2026-09-18T00:00:00.000Z
2026-09-18T06:32:14.496389Z,0.0,NASA GPM IMERG Early Run,LIVE,2026-09-18T00:00:00.000Z
2026-09-18T06:32:32.491477Z,0.0,NASA GPM IMERG Early Run,LIVE,2026-09-18T00:00:00.000Z
2026-09-18T06:36:38.590351Z,0.0,NASA GPM IMERG Early Run,LIVE,2026-09-18T00:00:00.000Z
2026-09-18T06:44:47.472430Z,0.0,NASA GPM IMERG Early Run,LIVE,2026-09-18T00:00:00.000Z
2026-09-18T06:58:22.611384Z,0.0,NASA GPM IMERG Early Run,LIVE,2026-09-18T00:00:00.000Z
2026-09-18T07:11:21.771657Z,0.0,NASA GPM IMERG Early Run,LIVE,2026-09-18T00:00:00.000Z
2026-09-18T08:57:19.637784Z,0.0,NASA GPM IMERG Early Run,LIVE,2026-09-18T03:30:00.000Z
2026-09-18T09:21:14.519163Z,0.0,NASA GPM IMERG Early Run,LIVE,2026-09-18T03:30:00.000Z
2026-09-18T09:29:20.437572Z,0.0,NASA GPM IMERG Early Run,LIVE,2026-09-18T03:30:00.000Z
2026-09-18T09:58:17.953667Z,0.0,NASA GPM IMERG Early Run,LIVE,2026-09-18T04:30:00.000Z
2026-09-18T10:07:09.869840Z,0.0,NASA GPM IMERG Early Run,LIVE,2026-09-18T04:30:00.000Z
2026-09-18T10:08:30.505954Z,0.0,NASA GPM IMERG Early Run,LIVE,2026-09-18T04:30:00.000Z
2026-09-18T10:40:24.196435Z,0.20999999344348907,NASA GPM IMERG Early Run,LIVE,2026-09-18T05:30:00.000Z
2026-09-18T10:50:04.085955Z,0.20999999344348907,NASA GPM IMERG Early Run,LIVE,2026-09-18T05:30:00.000Z
2026-09-19T05:45:13.033462Z,0.0,NASA GPM IMERG Early Run,LIVE,2026-09-19T00:30:00.000Z
2026-09-19T07:33:28.473178Z,0.14999999105930328,NASA GPM IMERG Early Run,LIVE,2026-09-19T01:30:00.000Z
2026-09-19T08:05:38.855005Z,0.14000000059604645,NASA GPM IMERG Early Run,LIVE,2026-09-19T02:30:00.000Z
2026-09-19T08:11:59.060113Z,0.14000000059604645,NASA GPM IMERG Early Run,LIVE,2026-09-19T02:30:00.000Z
2026-09-19T08:14:57.214701Z,0.14000000059604645,NASA GPM IMERG Early Run,LIVE,2026-09-19T02:30:00.000Z
2026-09-19T08:30:35.951480Z,0.14000000059604645,NASA GPM IMERG Early Run,LIVE,2026-09-19T02:30:00.000Z
2026-09-19T08:35:00.877521Z,0.14000000059604645,NASA GPM IMERG Early Run,LIVE,2026-09-19T02:30:00.000Z
2026-09-19T09:14:04.668129Z,0.0,NASA GPM IMERG Early Run,LIVE,2026-09-19T03:30:00.000Z
2026-09-19T09:47:13.541094Z,0.0,NASA GPM IMERG Early Run,LIVE,2026-09-19T04:30:00.000Z
2026-09-19T09:47:25.006286Z,0.0,NASA GPM IMERG Early Run,LIVE,2026-09-19T04:30:00.000Z
2026-09-19T09:48:23.005978Z,0.0,NASA GPM IMERG Early Run,LIVE,2026-09-19T04:30:00.000Z
2026-09-19T09:48:32.844735Z,0.0,NASA GPM IMERG Early Run,LIVE,2026-09-19T04:30:00.000Z
2026-09-19T09:50:07.529461Z,0.0,NASA GPM IMERG Early Run,LIVE,2026-09-19T04:30:00.000Z
2026-09-19T09:50:17.901843Z,0.0,NASA GPM IMERG Early Run,LIVE,2026-09-19T04:30:00.000Z
2026-09-20T05:15:25.073653Z,0.0,NASA GPM IMERG Early Run,LIVE,2026-09-19T23:30:00.000Z
2026-09-20T05:38:04.800389Z,0.0,NASA GPM IMERG Early Run,LIVE,2026-09-20T00:30:00.000Z
2026-09-20T05:45:46.163842Z,0.0,NASA GPM IMERG Early Run,LIVE,2026-09-20T00:30:00.000Z
2026-09-20T05:49:16.114498Z,0.0,NASA GPM IMERG Early Run,LIVE,2026-09-20T00:30:00.000Z
2026-09-20T05:49:24.241582Z,0.0,NASA GPM IMERG Early Run,LIVE,2026-09-20T00:30:00.000Z
2026-09-20T07:02:19.836102Z,0.04999999701976776,NASA GPM IMERG Early Run,LIVE,2026-09-20T01:30:00.000Z
2026-09-20T07:12:10.451792Z,0.04999999701976776,NASA GPM IMERG Early Run,LIVE,2026-09-20T01:30:00.000Z
2026-09-21T10:30:26.508845Z,0.0,NASA GPM IMERG Early Run,LIVE,2026-09-21T04:30:00.000Z
2026-09-22T09:02:52.369518Z,0.0,NASA GPM IMERG Early Run,LIVE,2026-09-22T03:30:00.000Z
2026-09-22T10:43:59.499297Z,0.0,NASA GPM IMERG Early Run,LIVE,2026-09-22T05:30:00.000Z
2026-09-22T12:23:38.904669Z,0.0,NASA GPM IMERG Early Run,LIVE,2026-09-22T06:30:00.000Z
2026-09-22T12:43:52.771139Z,0.0,NASA GPM IMERG Early Run,LIVE,2026-09-22T07:30:00.000Z
2026-09-22T12:58:34.706161Z,0.0,NASA GPM IMERG Early Run,LIVE,2026-09-22T07:30:00.000Z
2026-09-23T04:43:22.826952Z,0.11999999731779099,NASA GPM IMERG Early Run,LIVE,2026-09-22T22:30:00.000Z
2026-09-23T05:09:29.069432Z,0.0,NASA GPM IMERG Early Run,LIVE,2026-09-22T23:30:00.000Z
2026-09-23T05:24:27.202361Z,0.0,NASA GPM IMERG Early Run,LIVE,2026-09-22T23:30:00.000Z
2026-09-23T05:38:23.701865Z,0.0,NASA GPM IMERG Early Run,LIVE,2026-09-22T23:30:00.000Z
2026-09-23T05:45:53.861019Z,1.4199999570846558,NASA GPM IMERG Early Run,LIVE,2026-09-23T00:30:00.000Z
2026-09-23T06:19:38.069710Z,1.4199999570846558,NASA GPM IMERG Early Run,LIVE,2026-09-23T00:30:00.000Z
2026-09-23T06:43:58.930518Z,1.4199999570846558,NASA GPM IMERG Early Run,LIVE,2026-09-23T00:30:00.000Z
2026-09-23T07:22:31.824373Z,0.0,NASA GPM IMERG Early Run,LIVE,2026-09-23T01:30:00.000Z
2026-09-23T07:28:02.941879Z,0.0,NASA GPM IMERG Early Run,LIVE,2026-09-23T01:30:00.000Z
2026-09-23T08:47:21.880539Z,0.0,NASA GPM IMERG Early Run,LIVE,2026-09-23T03:30:00.000Z
2026-09-23T09:09:32.813209Z,0.0,NASA GPM IMERG Early Run,LIVE,2026-09-23T03:30:00.000Z
2026-09-23T09:58:39.862395Z,0.029999999329447746,NASA GPM IMERG Early Run,LIVE,2026-09-23T04:30:00.000Z
2026-09-23T10:14:28.690295Z,0.029999999329447746,NASA GPM IMERG Early Run,LIVE,2026-09-23T04:30:00.000Z
2026-09-23T10:19:22.072703Z,0.029999999329447746,NASA GPM IMERG Early Run,LIVE,2026-09-23T04:30:00.000Z
2026-09-23T10:31:36.983012Z,0.029999999329447746,NASA GPM IMERG Early Run,LIVE,2026-09-23T04:30:00.000Z
2026-09-23T10:47:40.970200Z,0.019999999552965164,NASA GPM IMERG Early Run,LIVE,2026-09-23T05:30:00.000Z
2026-09-23T10:51:26.320142Z,0.019999999552965164,NASA GPM IMERG Early Run,LIVE,2026-09-23T05:30:00.000Z
2026-09-23T12:31:21.374065Z,1.2599999904632568,NASA GPM IMERG Early Run,LIVE,2026-09-23T06:30:00.000Z
2026-09-23T12:45:33.631909Z,1.2599999904632568,NASA GPM IMERG Early Run,LIVE,2026-09-23T06:30:00.000Z
2026-09-23T12:53:36.466321Z,0.0,NASA GPM IMERG Early Run,LIVE,2026-09-23T07:30:00.000Z
2026-09-23T13:02:47.796550Z,0.0,NASA GPM IMERG Early Run,LIVE,2026-09-23T07:30:00.000Z
2026-09-23T13:07:24.446787Z,0.0,NASA GPM IMERG Early Run,LIVE,2026-09-23T07:30:00.000Z
2026-09-23T15:53:18.764307Z,0.05999999865889549,NASA GPM IMERG Early Run,LIVE,2026-09-23T10:30:00.000Z
2026-09-23T15:56:20.258597Z,0.05999999865889549,NASA GPM IMERG Early Run,LIVE,2026-09-23T10:30:00.000Z
2026-09-23T16:39:25.882807Z,0.05999999865889549,NASA GPM IMERG Early Run,LIVE,2026-09-23T10:30:00.000Z
2026-09-23T16:57:26.479323Z,0.08999999612569809,NASA GPM IMERG Early Run,LIVE,2026-09-23T11:30:00.000Z
2026-09-23T17:02:35.583331Z,0.08999999612569809,NASA GPM IMERG Early Run,LIVE,2026-09-23T11:30:00.000Z
2026-09-23T17:38:16.944357Z,0.08999999612569809,NASA GPM IMERG Early Run,LIVE,2026-09-23T11:30:00.000Z
2026-09-23T17:48:00.570434Z,0.0,NASA GPM IMERG Early Run,LIVE,2026-09-23T12:30:00.000Z
2026-09-24T05:15:19.243762Z,0.0,NASA GPM IMERG Early Run,LIVE,2026-09-23T22:30:00.000Z
2026-09-24T08:05:39.805300Z,0.0,NASA GPM IMERG Early Run,LIVE,2026-09-24T02:30:00.000Z
2026-09-24T14:49:31.101609Z,0.0,NASA GPM IMERG Early Run,LIVE,2026-09-24T09:30:00.000Z
2026-09-24T16:07:19.761065Z,0.0,NASA GPM IMERG Early Run,LIVE,2026-09-24T10:30:00.000Z
2026-09-24T16:08:43.749478Z,0.0,NASA GPM IMERG Early Run,LIVE,2026-09-24T10:30:00.000Z
2026-09-24T16:12:27.961309Z,0.0,NASA GPM IMERG Early Run,LIVE,2026-09-24T10:30:00.000Z
2026-09-26T04:07:16.630571Z,0.0,NASA GPM IMERG Early Run,LIVE,2026-09-25T22:30:00.000Z
2026-09-26T04:09:51.753645Z,0.0,NASA GPM IMERG Early Run,LIVE,2026-09-25T22:30:00.000Z
2026-09-26T04:10:08.964271Z,0.0,NASA GPM IMERG Early Run,LIVE,2026-09-25T22:30:00.000Z
2026-09-26T04:23:12.869500Z,0.0,NASA GPM IMERG Early Run,LIVE,2026-09-25T22:30:00.000Z
2026-09-26T04:23:43.356515Z,0.0,NASA GPM IMERG Early Run,LIVE,2026-09-25T22:30:00.000Z
2026-09-26T04:33:46.804864Z,0.0,NASA GPM IMERG Early Run,LIVE,2026-09-25T22:30:00.000Z
2026-09-26T04:38:16.214435Z,0.0,NASA GPM IMERG Early Run,LIVE,2026-09-25T22:30:00.000Z
2026-09-26T04:53:14.679571Z,0.0,NASA GPM IMERG Early Run,LIVE,2026-09-25T23:30:00.000Z
2026-09-26T05:52:29.185054Z,0.0,NASA GPM IMERG Early Run,LIVE,2026-09-26T00:30:00.000Z
2026-09-26T05:52:36.069144Z,0.0,NASA GPM IMERG Early Run,LIVE,2026-09-26T00:30:00.000Z
2026-09-26T06:05:13.450936Z,0.0,NASA GPM IMERG Early Run,LIVE,2026-09-26T00:30:00.000Z
2026-09-26T06:05:37.179028Z,0.0,NASA GPM IMERG Early Run,LIVE,2026-09-26T00:30:00.000Z
2026-09-26T06:08:05.462079Z,0.0,NASA GPM IMERG Early Run,LIVE,2026-09-26T00:30:00.000Z
2026-09-26T06:18:17.895646Z,0.0,NASA GPM IMERG Early Run,LIVE,2026-09-26T00:30:00.000Z
2026-09-26T06:30:21.268899Z,0.0,NASA GPM IMERG Early Run,LIVE,2026-09-26T00:30:00.000Z
2026-09-26T06:30:40.296047Z,0.0,NASA GPM IMERG Early Run,LIVE,2026-09-26T00:30:00.000Z
2026-09-26T06:30:59.090668Z,0.0,NASA GPM IMERG Early Run,LIVE,2026-09-26T00:30:00.000Z
2026-09-26T06:31:38.893993Z,0.0,NASA GPM IMERG Early Run,LIVE,2026-09-26T00:30:00.000Z
2026-09-26T06:33:05.652147Z,0.0,NASA GPM IMERG Early Run,LIVE,2026-09-26T00:30:00.000Z
2026-09-26T06:41:57.996825Z,0.0,NASA GPM IMERG Early Run,LIVE,2026-09-26T00:30:00.000Z
2026-09-26T06:59:30.816164Z,0.0,NASA GPM IMERG Early Run,LIVE,2026-09-26T01:30:00.000Z
2026-09-26T07:11:34.082318Z,0.0,NASA GPM IMERG Early Run,LIVE,2026-09-26T01:30:00.000Z
2026-09-26T07:26:21.548727Z,0.0,NASA GPM IMERG Early Run,LIVE,2026-09-26T01:30:00.000Z
2026-09-26T07:27:45.059767Z,0.0,NASA GPM IMERG Early Run,LIVE,2026-09-26T01:30:00.000Z
2026-09-26T07:29:24.965601Z,0.0,NASA GPM IMERG Early Run,LIVE,2026-09-26T01:30:00.000Z
2026-09-26T07:34:05.235965Z,0.0,NASA GPM IMERG Early Run,LIVE,2026-09-26T01:30:00.000Z
2026-09-26T07:37:54.330088Z,0.0,NASA GPM IMERG Early Run,LIVE,2026-09-26T01:30:00.000Z
2026-09-26T07:45:32.992758Z,0.0,NASA GPM IMERG Early Run,LIVE,2026-09-26T01:30:00.000Z
2026-09-26T08:59:51.195120Z,0.0,NASA GPM IMERG Early Run,LIVE,2026-09-26T03:30:00.000Z
2026-09-26T14:20:49.546090Z,0.0,NASA GPM IMERG Early Run,LIVE,2026-09-26T08:30:00.000Z
2026-09-27T01:47:16.673167Z,0.0,NASA GPM IMERG Early Run,LIVE,2026-09-26T19:30:00.000Z
2026-09-27T01:51:18.552462Z,0.0,NASA GPM IMERG Early Run,LIVE,2026-09-26T20:30:00.000Z
2026-09-27T02:07:07.729957Z,0.0,NASA GPM IMERG Early Run,LIVE,2026-09-26T20:30:00.000Z
2026-09-27T02:14:11.524248Z,0.0,NASA GPM IMERG Early Run,LIVE,2026-09-26T20:30:00.000Z
2026-09-27T02:58:38.308083Z,0.0,NASA GPM IMERG Early Run,LIVE,2026-09-26T21:30:00.000Z
2026-09-27T03:07:34.522686Z,0.0,NASA GPM IMERG Early Run,LIVE,2026-09-26T21:30:00.000Z
2026-09-27T03:12:32.847434Z,0.0,NASA GPM IMERG Early Run,LIVE,2026-09-26T21:30:00.000Z
2026-09-27T03:14:48.366215Z,0.0,NASA GPM IMERG Early Run,LIVE,2026-09-26T21:30:00.000Z
2026-09-27T03:28:46.049634Z,0.0,NASA GPM IMERG Early Run,LIVE,2026-09-26T21:30:00.000Z
2026-09-27T03:35:29.203656Z,0.0,NASA GPM IMERG Early Run,LIVE,2026-09-26T21:30:00.000Z
2026-09-27T03:41:04.549097Z,0.0,NASA GPM IMERG Early Run,LIVE,2026-09-26T21:30:00.000Z
2026-09-27T03:46:32.072696Z,0.0,NASA GPM IMERG Early Run,LIVE,2026-09-26T21:30:00.000Z
2026-09-27T03:48:01.485163Z,0.0,NASA GPM IMERG Early Run,LIVE,2026-09-26T22:30:00.000Z
2026-09-27T03:49:38.379883Z,0.0,NASA GPM IMERG Early Run,LIVE,2026-09-26T22:30:00.000Z
2026-09-27T03:51:20.891101Z,0.0,NASA GPM IMERG Early Run,LIVE,2026-09-26T22:30:00.000Z
2026-09-27T03:52:58.849131Z,0.0,NASA GPM IMERG Early Run,LIVE,2026-09-26T22:30:00.000Z
2026-09-27T03:54:33.058470Z,0.0,NASA GPM IMERG Early Run,LIVE,2026-09-26T22:30:00.000Z
2026-09-27T03:55:46.958725Z,0.0,NASA GPM IMERG Early Run,LIVE,2026-09-26T22:30:00.000Z
2026-09-27T03:58:06.073786Z,0.0,NASA GPM IMERG Early Run,LIVE,2026-09-26T22:30:00.000Z
2026-09-27T03:59:33.510332Z,0.0,NASA GPM IMERG Early Run,LIVE,2026-09-26T22:30:00.000Z
2026-09-27T04:01:56.461761Z,0.0,NASA GPM IMERG Early Run,LIVE,2026-09-26T22:30:00.000Z
2026-09-27T04:21:52.391222Z,0.0,NASA GPM IMERG Early Run,LIVE,2026-09-26T22:30:00.000Z
2026-09-27T04:24:49.304540Z,0.0,NASA GPM IMERG Early Run,LIVE,2026-09-26T22:30:00.000Z
2026-09-27T04:27:00.654691Z,0.0,NASA GPM IMERG Early Run,LIVE,2026-09-26T22:30:00.000Z
2026-09-27T04:29:37.793473Z,0.0,NASA GPM IMERG Early Run,LIVE,2026-09-26T22:30:00.000Z
2026-09-27T04:31:38.054448Z,0.0,NASA GPM IMERG Early Run,LIVE,2026-09-26T22:30:00.000Z
2026-09-27T04:33:41.569367Z,0.0,NASA GPM IMERG Early Run,LIVE,2026-09-26T22:30:00.000Z
2026-09-27T04:34:47.067581Z,0.0,NASA GPM IMERG Early Run,LIVE,2026-09-26T22:30:00.000Z
2026-09-27T04:34:52.070434Z,0.0,NASA GPM IMERG Early Run,LIVE,2026-09-26T22:30:00.000Z
2026-09-27T04:36:30.910722Z,0.0,NASA GPM IMERG Early Run,LIVE,2026-09-26T22:30:00.000Z
2026-09-27T04:36:57.920549Z,0.0,NASA GPM IMERG Early Run,LIVE,2026-09-26T22:30:00.000Z
2026-09-27T04:39:54.216561Z,0.0,NASA GPM IMERG Early Run,LIVE,2026-09-26T22:30:00.000Z
2026-09-27T04:42:02.099518Z,0.0,NASA GPM IMERG Early Run,LIVE,2026-09-26T22:30:00.000Z
2026-09-27T04:44:47.876817Z,0.0,NASA GPM IMERG Early Run,LIVE,2026-09-26T22:30:00.000Z
2026-09-27T04:45:05.726978Z,0.0,NASA GPM IMERG Early Run,LIVE,2026-09-26T22:30:00.000Z
2026-09-27T13:02:19.415174Z,0.0,NASA GPM IMERG Early Run,LIVE,2026-09-27T07:30:00.000Z
2026-09-27T13:05:13.175407Z,0.0,NASA GPM IMERG Early Run,LIVE,2026-09-27T07:30:00.000Z
2026-09-27T13:10:17.078974Z,0.0,NASA GPM IMERG Early Run,LIVE,2026-09-27T07:30:00.000Z
2026-09-27T13:16:09.859944Z,0.0,NASA GPM IMERG Early Run,LIVE,2026-09-27T07:30:00.000Z
2026-09-27T13:30:24.597597Z,0.0,NASA GPM IMERG Early Run,LIVE,2026-09-27T07:30:00.000Z
2026-09-27T15:44:24.426027Z,0.0,NASA GPM IMERG Early Run,LIVE,2026-09-27T09:30:00.000Z
2026-09-27T15:48:57.269070Z,0.0,NASA GPM IMERG Early Run,LIVE,2026-09-27T10:30:00.000Z
2026-09-27T16:14:17.887753Z,0.0,NASA GPM IMERG Early Run,LIVE,2026-09-27T10:30:00.000Z
2026-09-27T16:17:04.208315Z,0.0,NASA GPM IMERG Early Run,LIVE,2026-09-27T10:30:00.000Z
