timestamp_utc,latitude,longitude,rainfall_mm_hr,rainfall_status,source_file,dataset,version
2015-11-30T00:00:00Z,13.049999237060547,80.25,5.1,VALID,3B-HHR.MS.MRG.3IMERG.20151130-S000000-E002959.0000.V07B.HDF5,GPM_3IMERGHH,V07B
2015-11-30T00:30:00Z,13.049999237060547,80.25,5.66,VALID,3B-HHR.MS.MRG.3IMERG.20151130-S003000-E005959.0030.V07B.HDF5,GPM_3IMERGHH,V07B
2015-11-30T01:00:00Z,13.049999237060547,80.25,5.4,VALID,3B-HHR.MS.MRG.3IMERG.20151130-S010000-E012959.0060.V07B.HDF5,GPM_3IMERGHH,V07B
2015-11-30T01:30:00Z,13.049999237060547,80.25,4.25,VALID,3B-HHR.MS.MRG.3IMERG.20151130-S013000-E015959.0090.V07B.HDF5,GPM_3IMERGHH,V07B
2015-11-30T02:00:00Z,13.049999237060547,80.25,2.78,VALID,3B-HHR.MS.MRG.3IMERG.20151130-S020000-E022959.0120.V07B.HDF5,GPM_3IMERGHH,V07B
2015-11-30T02:30:00Z,13.049999237060547,80.25,0.88,VALID,3B-HHR.MS.MRG.3IMERG.20151130-S023000-E025959.0150.V07B.HDF5,GPM_3IMERGHH,V07B
2015-11-30T03:00:00Z,13.049999237060547,80.25,0.62,VALID,3B-HHR.MS.MRG.3IMERG.20151130-S030000-E032959.0180.V07B.HDF5,GPM_3IMERGHH,V07B
2015-11-30T03:30:00Z,13.049999237060547,80.25,0.12,VALID,3B-HHR.MS.MRG.3IMERG.20151130-S033000-E035959.0210.V07B.HDF5,GPM_3IMERGHH,V07B
2015-11-30T04:00:00Z,13.049999237060547,80.25,0.0,VALID,3B-HHR.MS.MRG.3IMERG.20151130-S040000-E042959.0240.V07B.HDF5,GPM_3IMERGHH,V07B
2015-11-30T04:30:00Z,13.049999237060547,80.25,0.0,VALID,3B-HHR.MS.MRG.3IMERG.20151130-S043000-E045959.0270.V07B.HDF5,GPM_3IMERGHH,V07B
2015-11-30T05:00:00Z,13.049999237060547,80.25,0.0,VALID,3B-HHR.MS.MRG.3IMERG.20151130-S050000-E052959.0300.V07B.HDF5,GPM_3IMERGHH,V07B
2015-11-30T05:30:00Z,13.049999237060547,80.25,0.43,VALID,3B-HHR.MS.MRG.3IMERG.20151130-S053000-E055959.0330.V07B.HDF5,GPM_3IMERGHH,V07B
2015-11-30T06:00:00Z,13.049999237060547,80.25,0.95,VALID,3B-HHR.MS.MRG.3IMERG.20151130-S060000-E062959.0360.V07B.HDF5,GPM_3IMERGHH,V07B
2015-11-30T06:30:00Z,13.049999237060547,80.25,0.0,VALID,3B-HHR.MS.MRG.3IMERG.20151130-S063000-E065959.0390.V07B.HDF5,GPM_3IMERGHH,V07B
2015-11-30T07:00:00Z,13.049999237060547,80.25,0.0,VALID,3B-HHR.MS.MRG.3IMERG.20151130-S070000-E072959.0420.V07B.HDF5,GPM_3IMERGHH,V07B
2015-11-30T07:30:00Z,13.049999237060547,80.25,0.0,VALID,3B-HHR.MS.MRG.3IMERG.20151130-S073000-E075959.0450.V07B.HDF5,GPM_3IMERGHH,V07B
2015-11-30T08:00:00Z,13.049999237060547,80.25,0.0,VALID,3B-HHR.MS.MRG.3IMERG.20151130-S080000-E082959.0480.V07B.HDF5,GPM_3IMERGHH,V07B
2015-11-30T08:30:00Z,13.049999237060547,80.25,2.21,VALID,3B-HHR.MS.MRG.3IMERG.20151130-S083000-E085959.0510.V07B.HDF5,GPM_3IMERGHH,V07B
2015-11-30T09:00:00Z,13.049999237060547,80.25,2.71,VALID,3B-HHR.MS.MRG.3IMERG.20151130-S090000-E092959.0540.V07B.HDF5,GPM_3IMERGHH,V07B
2015-11-30T09:30:00Z,13.049999237060547,80.25,2.6,VALID,3B-HHR.MS.MRG.3IMERG.20151130-S093000-E095959.0570.V07B.HDF5,GPM_3IMERGHH,V07B
2015-11-30T10:00:00Z,13.049999237060547,80.25,2.74,VALID,3B-HHR.MS.MRG.3IMERG.20151130-S100000-E102959.0600.V07B.HDF5,GPM_3IMERGHH,V07B
2015-11-30T10:30:00Z,13.049999237060547,80.25,1.56,VALID,3B-HHR.MS.MRG.3IMERG.20151130-S103000-E105959.0630.V07B.HDF5,GPM_3IMERGHH,V07B
2015-11-30T11:00:00Z,13.049999237060547,80.25,1.05,VALID,3B-HHR.MS.MRG.3IMERG.20151130-S110000-E112959.0660.V07B.HDF5,GPM_3IMERGHH,V07B
2015-11-30T11:30:00Z,13.049999237060547,80.25,0.97,VALID,3B-HHR.MS.MRG.3IMERG.20151130-S113000-E115959.0690.V07B.HDF5,GPM_3IMERGHH,V07B
2015-11-30T12:00:00Z,13.049999237060547,80.25,0.34,VALID,3B-HHR.MS.MRG.3IMERG.20151130-S120000-E122959.0720.V07B.HDF5,GPM_3IMERGHH,V07B
2015-11-30T12:30:00Z,13.049999237060547,80.25,0.11,VALID,3B-HHR.MS.MRG.3IMERG.20151130-S123000-E125959.0750.V07B.HDF5,GPM_3IMERGHH,V07B
2015-11-30T13:00:00Z,13.049999237060547,80.25,0.56,VALID,3B-HHR.MS.MRG.3IMERG.20151130-S130000-E132959.0780.V07B.HDF5,GPM_3IMERGHH,V07B
2015-11-30T13:30:00Z,13.049999237060547,80.25,0.04,VALID,3B-HHR.MS.MRG.3IMERG.20151130-S133000-E135959.0810.V07B.HDF5,GPM_3IMERGHH,V07B
2015-11-30T14:00:00Z,13.049999237060547,80.25,0.14,VALID,3B-HHR.MS.MRG.3IMERG.20151130-S140000-E142959.0840.V07B.HDF5,GPM_3IMERGHH,V07B
2015-11-30T14:30:00Z,13.049999237060547,80.25,0.98,VALID,3B-HHR.MS.MRG.3IMERG.20151130-S143000-E145959.0870.V07B.HDF5,GPM_3IMERGHH,V07B
2015-11-30T15:00:00Z,13.049999237060547,80.25,2.6,VALID,3B-HHR.MS.MRG.3IMERG.20151130-S150000-E152959.0900.V07B.HDF5,GPM_3IMERGHH,V07B
2015-11-30T15:30:00Z,13.049999237060547,80.25,3.86,VALID,3B-HHR.MS.MRG.3IMERG.20151130-S153000-E155959.0930.V07B.HDF5,GPM_3IMERGHH,V07B
2015-11-30T16:00:00Z,13.049999237060547,80.25,3.4,VALID,3B-HHR.MS.MRG.3IMERG.20151130-S160000-E162959.0960.V07B.HDF5,GPM_3IMERGHH,V07B
2015-11-30T16:30:00Z,13.049999237060547,80.25,3.58,VALID,3B-HHR.MS.MRG.3IMERG.20151130-S163000-E165959.0990.V07B.HDF5,GPM_3IMERGHH,V07B
2015-11-30T17:00:00Z,13.049999237060547,80.25,0.55,VALID,3B-HHR.MS.MRG.3IMERG.20151130-S170000-E172959.1020.V07B.HDF5,GPM_3IMERGHH,V07B
2015-11-30T17:30:00Z,13.049999237060547,80.25,2.51,VALID,3B-HHR.MS.MRG.3IMERG.20151130-S173000-E175959.1050.V07B.HDF5,GPM_3IMERGHH,V07B
2015-11-30T18:00:00Z,13.049999237060547,80.25,2.93,VALID,3B-HHR.MS.MRG.3IMERG.20151130-S180000-E182959.1080.V07B.HDF5,GPM_3IMERGHH,V07B
2015-11-30T18:30:00Z,13.049999237060547,80.25,2.64,VALID,3B-HHR.MS.MRG.3IMERG.20151130-S183000-E185959.1110.V07B.HDF5,GPM_3IMERGHH,V07B
2015-11-30T19:00:00Z,13.049999237060547,80.25,2.2,VALID,3B-HHR.MS.MRG.3IMERG.20151130-S190000-E192959.1140.V07B.HDF5,GPM_3IMERGHH,V07B
2015-11-30T19:30:00Z,13.049999237060547,80.25,1.68,VALID,3B-HHR.MS.MRG.3IMERG.20151130-S193000-E195959.1170.V07B.HDF5,GPM_3IMERGHH,V07B
2015-11-30T20:00:00Z,13.049999237060547,80.25,1.83,VALID,3B-HHR.MS.MRG.3IMERG.20151130-S200000-E202959.1200.V07B.HDF5,GPM_3IMERGHH,V07B
2015-11-30T20:30:00Z,13.049999237060547,80.25,2.4,VALID,3B-HHR.MS.MRG.3IMERG.20151130-S203000-E205959.1230.V07B.HDF5,GPM_3IMERGHH,V07B
2015-11-30T21:00:00Z,13.049999237060547,80.25,1.47,VALID,3B-HHR.MS.MRG.3IMERG.20151130-S210000-E212959.1260.V07B.HDF5,GPM_3IMERGHH,V07B
2015-11-30T21:30:00Z,13.049999237060547,80.25,0.68,VALID,3B-HHR.MS.MRG.3IMERG.20151130-S213000-E215959.1290.V07B.HDF5,GPM_3IMERGHH,V07B
2015-11-30T22:00:00Z,13.049999237060547,80.25,1.73,VALID,3B-HHR.MS.MRG.3IMERG.20151130-S220000-E222959.1320.V07B.HDF5,GPM_3IMERGHH,V07B
2015-11-30T22:30:00Z,13.049999237060547,80.25,1.27,VALID,3B-HHR.MS.MRG.3IMERG.20151130-S223000-E225959.1350.V07B.HDF5,GPM_3IMERGHH,V07B
2015-11-30T23:00:00Z,13.049999237060547,80.25,1.29,VALID,3B-HHR.MS.MRG.3IMERG.20151130-S230000-E232959.1380.V07B.HDF5,GPM_3IMERGHH,V07B
2015-11-30T23:30:00Z,13.049999237060547,80.25,0.48,VALID,3B-HHR.MS.MRG.3IMERG.20151130-S233000-E235959.1410.V07B.HDF5,GPM_3IMERGHH,V07B
2015-12-01T00:00:00Z,13.049999237060547,80.25,2.02,VALID,3B-HHR.MS.MRG.3IMERG.20151201-S000000-E002959.0000.V07B.HDF5,GPM_3IMERGHH,V07B
2015-12-01T00:30:00Z,13.049999237060547,80.25,2.47,VALID,3B-HHR.MS.MRG.3IMERG.20151201-S003000-E005959.0030.V07B.HDF5,GPM_3IMERGHH,V07B
2015-12-01T01:00:00Z,13.049999237060547,80.25,2.81,VALID,3B-HHR.MS.MRG.3IMERG.20151201-S010000-E012959.0060.V07B.HDF5,GPM_3IMERGHH,V07B
2015-12-01T01:30:00Z,13.049999237060547,80.25,3.63,VALID,3B-HHR.MS.MRG.3IMERG.20151201-S013000-E015959.0090.V07B.HDF5,GPM_3IMERGHH,V07B
2015-12-01T02:00:00Z,13.049999237060547,80.25,3.69,VALID,3B-HHR.MS.MRG.3IMERG.20151201-S020000-E022959.0120.V07B.HDF5,GPM_3IMERGHH,V07B
2015-12-01T02:30:00Z,13.049999237060547,80.25,3.7,VALID,3B-HHR.MS.MRG.3IMERG.20151201-S023000-E025959.0150.V07B.HDF5,GPM_3IMERGHH,V07B
2015-12-01T03:00:00Z,13.049999237060547,80.25,7.2,VALID,3B-HHR.MS.MRG.3IMERG.20151201-S030000-E032959.0180.V07B.HDF5,GPM_3IMERGHH,V07B
2015-12-01T03:30:00Z,13.049999237060547,80.25,9.26,VALID,3B-HHR.MS.MRG.3IMERG.20151201-S033000-E035959.0210.V07B.HDF5,GPM_3IMERGHH,V07B
2015-12-01T04:00:00Z,13.049999237060547,80.25,7.15,VALID,3B-HHR.MS.MRG.3IMERG.20151201-S040000-E042959.0240.V07B.HDF5,GPM_3IMERGHH,V07B
2015-12-01T04:30:00Z,13.049999237060547,80.25,7.7,VALID,3B-HHR.MS.MRG.3IMERG.20151201-S043000-E045959.0270.V07B.HDF5,GPM_3IMERGHH,V07B
2015-12-01T05:00:00Z,13.049999237060547,80.25,7.76,VALID,3B-HHR.MS.MRG.3IMERG.20151201-S050000-E052959.0300.V07B.HDF5,GPM_3IMERGHH,V07B
2015-12-01T05:30:00Z,13.049999237060547,80.25,9.55,VALID,3B-HHR.MS.MRG.3IMERG.20151201-S053000-E055959.0330.V07B.HDF5,GPM_3IMERGHH,V07B
2015-12-01T06:00:00Z,13.049999237060547,80.25,8.73,VALID,3B-HHR.MS.MRG.3IMERG.20151201-S060000-E062959.0360.V07B.HDF5,GPM_3IMERGHH,V07B
2015-12-01T06:30:00Z,13.049999237060547,80.25,8.59,VALID,3B-HHR.MS.MRG.3IMERG.20151201-S063000-E065959.0390.V07B.HDF5,GPM_3IMERGHH,V07B
2015-12-01T07:00:00Z,13.049999237060547,80.25,7.18,VALID,3B-HHR.MS.MRG.3IMERG.20151201-S070000-E072959.0420.V07B.HDF5,GPM_3IMERGHH,V07B
2015-12-01T07:30:00Z,13.049999237060547,80.25,8.34,VALID,3B-HHR.MS.MRG.3IMERG.20151201-S073000-E075959.0450.V07B.HDF5,GPM_3IMERGHH,V07B
2015-12-01T08:00:00Z,13.049999237060547,80.25,18.25,VALID,3B-HHR.MS.MRG.3IMERG.20151201-S080000-E082959.0480.V07B.HDF5,GPM_3IMERGHH,V07B
2015-12-01T08:30:00Z,13.049999237060547,80.25,17.23,VALID,3B-HHR.MS.MRG.3IMERG.20151201-S083000-E085959.0510.V07B.HDF5,GPM_3IMERGHH,V07B
2015-12-01T09:00:00Z,13.049999237060547,80.25,22.66,VALID,3B-HHR.MS.MRG.3IMERG.20151201-S090000-E092959.0540.V07B.HDF5,GPM_3IMERGHH,V07B
2015-12-01T09:30:00Z,13.049999237060547,80.25,9.79,VALID,3B-HHR.MS.MRG.3IMERG.20151201-S093000-E095959.0570.V07B.HDF5,GPM_3IMERGHH,V07B
2015-12-01T10:00:00Z,13.049999237060547,80.25,13.47,VALID,3B-HHR.MS.MRG.3IMERG.20151201-S100000-E102959.0600.V07B.HDF5,GPM_3IMERGHH,V07B
2015-12-01T10:30:00Z,13.049999237060547,80.25,10.69,VALID,3B-HHR.MS.MRG.3IMERG.20151201-S103000-E105959.0630.V07B.HDF5,GPM_3IMERGHH,V07B
2015-12-01T11:00:00Z,13.049999237060547,80.25,6.97,VALID,3B-HHR.MS.MRG.3IMERG.20151201-S110000-E112959.0660.V07B.HDF5,GPM_3IMERGHH,V07B
2015-12-01T11:30:00Z,13.049999237060547,80.25,13.09,VALID,3B-HHR.MS.MRG.3IMERG.20151201-S113000-E115959.0690.V07B.HDF5,GPM_3IMERGHH,V07B
2015-12-01T12:00:00Z,13.049999237060547,80.25,24.39,VALID,3B-HHR.MS.MRG.3IMERG.20151201-S120000-E122959.0720.V07B.HDF5,GPM_3IMERGHH,V07B
2015-12-01T12:30:00Z,13.049999237060547,80.25,27.74,VALID,3B-HHR.MS.MRG.3IMERG.20151201-S123000-E125959.0750.V07B.HDF5,GPM_3IMERGHH,V07B
2015-12-01T13:00:00Z,13.049999237060547,80.25,34.07,VALID,3B-HHR.MS.MRG.3IMERG.20151201-S130000-E132959.0780.V07B.HDF5,GPM_3IMERGHH,V07B
2015-12-01T13:30:00Z,13.049999237060547,80.25,33.31,VALID,3B-HHR.MS.MRG.3IMERG.20151201-S133000-E135959.0810.V07B.HDF5,GPM_3IMERGHH,V07B
2015-12-01T14:00:00Z,13.049999237060547,80.25,30.2,VALID,3B-HHR.MS.MRG.3IMERG.20151201-S140000-E142959.0840.V07B.HDF5,GPM_3IMERGHH,V07B
2015-12-01T14:30:00Z,13.049999237060547,80.25,22.65,VALID,3B-HHR.MS.MRG.3IMERG.20151201-S143000-E145959.0870.V07B.HDF5,GPM_3IMERGHH,V07B
2015-12-01T15:00:00Z,13.049999237060547,80.25,14.95,VALID,3B-HHR.MS.MRG.3IMERG.20151201-S150000-E152959.0900.V07B.HDF5,GPM_3IMERGHH,V07B
2015-12-01T15:30:00Z,13.049999237060547,80.25,12.16,VALID,3B-HHR.MS.MRG.3IMERG.20151201-S153000-E155959.0930.V07B.HDF5,GPM_3IMERGHH,V07B
2015-12-01T16:00:00Z,13.049999237060547,80.25,10.66,VALID,3B-HHR.MS.MRG.3IMERG.20151201-S160000-E162959.0960.V07B.HDF5,GPM_3IMERGHH,V07B
2015-12-01T16:30:00Z,13.049999237060547,80.25,10.82,VALID,3B-HHR.MS.MRG.3IMERG.20151201-S163000-E165959.0990.V07B.HDF5,GPM_3IMERGHH,V07B
2015-12-01T17:00:00Z,13.049999237060547,80.25,8.02,VALID,3B-HHR.MS.MRG.3IMERG.20151201-S170000-E172959.1020.V07B.HDF5,GPM_3IMERGHH,V07B
2015-12-01T17:30:00Z,13.049999237060547,80.25,11.01,VALID,3B-HHR.MS.MRG.3IMERG.20151201-S173000-E175959.1050.V07B.HDF5,GPM_3IMERGHH,V07B
2015-12-01T18:00:00Z,13.049999237060547,80.25,9.49,VALID,3B-HHR.MS.MRG.3IMERG.20151201-S180000-E182959.1080.V07B.HDF5,GPM_3IMERGHH,V07B
2015-12-01T18:30:00Z,13.049999237060547,80.25,10.97,VALID,3B-HHR.MS.MRG.3IMERG.20151201-S183000-E185959.1110.V07B.HDF5,GPM_3IMERGHH,V07B
2015-12-01T19:00:00Z,13.049999237060547,80.25,7.05,VALID,3B-HHR.MS.MRG.3IMERG.20151201-S190000-E192959.1140.V07B.HDF5,GPM_3IMERGHH,V07B
2015-12-01T19:30:00Z,13.049999237060547,80.25,5.81,VALID,3B-HHR.MS.MRG.3IMERG.20151201-S193000-E195959.1170.V07B.HDF5,GPM_3IMERGHH,V07B
2015-12-01T20:00:00Z,13.049999237060547,80.25,8.6,VALID,3B-HHR.MS.MRG.3IMERG.20151201-S200000-E202959.1200.V07B.HDF5,GPM_3IMERGHH,V07B
2015-12-01T20:30:00Z,13.049999237060547,80.25,7.19,VALID,3B-HHR.MS.MRG.3IMERG.20151201-S203000-E205959.1230.V07B.HDF5,GPM_3IMERGHH,V07B
2015-12-01T21:00:00Z,13.049999237060547,80.25,7.07,VALID,3B-HHR.MS.MRG.3IMERG.20151201-S210000-E212959.1260.V07B.HDF5,GPM_3IMERGHH,V07B
2015-12-01T21:30:00Z,13.049999237060547,80.25,5.83,VALID,3B-HHR.MS.MRG.3IMERG.20151201-S213000-E215959.1290.V07B.HDF5,GPM_3IMERGHH,V07B
2015-12-01T22:00:00Z,13.049999237060547,80.25,7.14,VALID,3B-HHR.MS.MRG.3IMERG.20151201-S220000-E222959.1320.V07B.HDF5,GPM_3IMERGHH,V07B
2015-12-01T22:30:00Z,13.049999237060547,80.25,6.3,VALID,3B-HHR.MS.MRG.3IMERG.20151201-S223000-E225959.1350.V07B.HDF5,GPM_3IMERGHH,V07B
2015-12-01T23:00:00Z,13.049999237060547,80.25,5.57,VALID,3B-HHR.MS.MRG.3IMERG.20151201-S230000-E232959.1380.V07B.HDF5,GPM_3IMERGHH,V07B
2015-12-01T23:30:00Z,13.049999237060547,80.25,6.79,VALID,3B-HHR.MS.MRG.3IMERG.20151201-S233000-E235959.1410.V07B.HDF5,GPM_3IMERGHH,V07B
2015-12-02T00:00:00Z,13.0827,80.2707,,MISSING,3B-HHR.MS.MRG.3IMERG.20151202-S000000-E002959.0000.V07B.HDF5,GPM_3IMERGHH,V07B
2015-12-02T00:30:00Z,13.0827,80.2707,,MISSING,3B-HHR.MS.MRG.3IMERG.20151202-S003000-E005959.0030.V07B.HDF5,GPM_3IMERGHH,V07B
2015-12-02T01:00:00Z,13.049999237060547,80.25,7.92,VALID,3B-HHR.MS.MRG.3IMERG.20151202-S010000-E012959.0060.V07B.HDF5,GPM_3IMERGHH,V07B
2015-12-02T01:30:00Z,13.049999237060547,80.25,6.68,VALID,3B-HHR.MS.MRG.3IMERG.20151202-S013000-E015959.0090.V07B.HDF5,GPM_3IMERGHH,V07B
2015-12-02T02:00:00Z,13.049999237060547,80.25,4.98,VALID,3B-HHR.MS.MRG.3IMERG.20151202-S020000-E022959.0120.V07B.HDF5,GPM_3IMERGHH,V07B
2015-12-02T02:30:00Z,13.049999237060547,80.25,4.02,VALID,3B-HHR.MS.MRG.3IMERG.20151202-S023000-E025959.0150.V07B.HDF5,GPM_3IMERGHH,V07B
2015-12-02T03:00:00Z,13.049999237060547,80.25,3.82,VALID,3B-HHR.MS.MRG.3IMERG.20151202-S030000-E032959.0180.V07B.HDF5,GPM_3IMERGHH,V07B
2015-12-02T03:30:00Z,13.049999237060547,80.25,2.4,VALID,3B-HHR.MS.MRG.3IMERG.20151202-S033000-E035959.0210.V07B.HDF5,GPM_3IMERGHH,V07B
2015-12-02T04:00:00Z,13.049999237060547,80.25,1.48,VALID,3B-HHR.MS.MRG.3IMERG.20151202-S040000-E042959.0240.V07B.HDF5,GPM_3IMERGHH,V07B
2015-12-02T04:30:00Z,13.049999237060547,80.25,2.29,VALID,3B-HHR.MS.MRG.3IMERG.20151202-S043000-E045959.0270.V07B.HDF5,GPM_3IMERGHH,V07B
2015-12-02T05:00:00Z,13.049999237060547,80.25,0.0,VALID,3B-HHR.MS.MRG.3IMERG.20151202-S050000-E052959.0300.V07B.HDF5,GPM_3IMERGHH,V07B
2015-12-02T05:30:00Z,13.0827,80.2707,,MISSING,3B-HHR.MS.MRG.3IMERG.20151202-S053000-E055959.0330.V07B.HDF5,GPM_3IMERGHH,V07B
2015-12-02T06:00:00Z,13.0827,80.2707,,MISSING,3B-HHR.MS.MRG.3IMERG.20151202-S060000-E062959.0360.V07B.HDF5,GPM_3IMERGHH,V07B
2015-12-02T06:30:00Z,13.0827,80.2707,,MISSING,3B-HHR.MS.MRG.3IMERG.20151202-S063000-E065959.0390.V07B.HDF5,GPM_3IMERGHH,V07B
2015-12-02T07:00:00Z,13.0827,80.2707,,MISSING,3B-HHR.MS.MRG.3IMERG.20151202-S070000-E072959.0420.V07B.HDF5,GPM_3IMERGHH,V07B
2015-12-02T07:30:00Z,13.0827,80.2707,,MISSING,3B-HHR.MS.MRG.3IMERG.20151202-S073000-E075959.0450.V07B.HDF5,GPM_3IMERGHH,V07B
2015-12-02T08:00:00Z,13.0827,80.2707,,MISSING,3B-HHR.MS.MRG.3IMERG.20151202-S080000-E082959.0480.V07B.HDF5,GPM_3IMERGHH,V07B
2015-12-02T08:30:00Z,13.0827,80.2707,,MISSING,3B-HHR.MS.MRG.3IMERG.20151202-S083000-E085959.0510.V07B.HDF5,GPM_3IMERGHH,V07B
2015-12-02T09:00:00Z,13.0827,80.2707,,MISSING,3B-HHR.MS.MRG.3IMERG.20151202-S090000-E092959.0540.V07B.HDF5,GPM_3IMERGHH,V07B
2015-12-02T09:30:00Z,13.0827,80.2707,,MISSING,3B-HHR.MS.MRG.3IMERG.20151202-S093000-E095959.0570.V07B.HDF5,GPM_3IMERGHH,V07B
2015-12-02T10:00:00Z,13.0827,80.2707,,MISSING,3B-HHR.MS.MRG.3IMERG.20151202-S100000-E102959.0600.V07B.HDF5,GPM_3IMERGHH,V07B
2015-12-02T10:30:00Z,13.0827,80.2707,,MISSING,3B-HHR.MS.MRG.3IMERG.20151202-S103000-E105959.0630.V07B.HDF5,GPM_3IMERGHH,V07B
2015-12-02T11:00:00Z,13.0827,80.2707,,MISSING,3B-HHR.MS.MRG.3IMERG.20151202-S110000-E112959.0660.V07B.HDF5,GPM_3IMERGHH,V07B
2015-12-02T11:30:00Z,13.0827,80.2707,,MISSING,3B-HHR.MS.MRG.3IMERG.20151202-S113000-E115959.0690.V07B.HDF5,GPM_3IMERGHH,V07B
2015-12-02T12:00:00Z,13.0827,80.2707,,MISSING,3B-HHR.MS.MRG.3IMERG.20151202-S120000-E122959.0720.V07B.HDF5,GPM_3IMERGHH,V07B
2015-12-02T12:30:00Z,13.0827,80.2707,,MISSING,3B-HHR.MS.MRG.3IMERG.20151202-S123000-E125959.0750.V07B.HDF5,GPM_3IMERGHH,V07B
2015-12-02T13:00:00Z,13.0827,80.2707,,MISSING,3B-HHR.MS.MRG.3IMERG.20151202-S130000-E132959.0780.V07B.HDF5,GPM_3IMERGHH,V07B
2015-12-02T13:30:00Z,13.0827,80.2707,,MISSING,3B-HHR.MS.MRG.3IMERG.20151202-S133000-E135959.0810.V07B.HDF5,GPM_3IMERGHH,V07B
2015-12-02T14:00:00Z,13.0827,80.2707,,MISSING,3B-HHR.MS.MRG.3IMERG.20151202-S140000-E142959.0840.V07B.HDF5,GPM_3IMERGHH,V07B
2015-12-02T14:30:00Z,13.0827,80.2707,,MISSING,3B-HHR.MS.MRG.3IMERG.20151202-S143000-E145959.0870.V07B.HDF5,GPM_3IMERGHH,V07B
2015-12-02T15:00:00Z,13.0827,80.2707,,MISSING,3B-HHR.MS.MRG.3IMERG.20151202-S150000-E152959.0900.V07B.HDF5,GPM_3IMERGHH,V07B
2015-12-02T15:30:00Z,13.0827,80.2707,,MISSING,3B-HHR.MS.MRG.3IMERG.20151202-S153000-E155959.0930.V07B.HDF5,GPM_3IMERGHH,V07B
2015-12-02T16:00:00Z,13.0827,80.2707,,MISSING,3B-HHR.MS.MRG.3IMERG.20151202-S160000-E162959.0960.V07B.HDF5,GPM_3IMERGHH,V07B
2015-12-02T16:30:00Z,13.0827,80.2707,,MISSING,3B-HHR.MS.MRG.3IMERG.20151202-S163000-E165959.0990.V07B.HDF5,GPM_3IMERGHH,V07B
2015-12-02T17:00:00Z,13.0827,80.2707,,MISSING,3B-HHR.MS.MRG.3IMERG.20151202-S170000-E172959.1020.V07B.HDF5,GPM_3IMERGHH,V07B
2015-12-02T17:30:00Z,13.0827,80.2707,,MISSING,3B-HHR.MS.MRG.3IMERG.20151202-S173000-E175959.1050.V07B.HDF5,GPM_3IMERGHH,V07B
2015-12-02T18:00:00Z,13.0827,80.2707,,MISSING,3B-HHR.MS.MRG.3IMERG.20151202-S180000-E182959.1080.V07B.HDF5,GPM_3IMERGHH,V07B
2015-12-02T18:30:00Z,13.0827,80.2707,,MISSING,3B-HHR.MS.MRG.3IMERG.20151202-S183000-E185959.1110.V07B.HDF5,GPM_3IMERGHH,V07B
2015-12-02T19:00:00Z,13.0827,80.2707,,MISSING,3B-HHR.MS.MRG.3IMERG.20151202-S190000-E192959.1140.V07B.HDF5,GPM_3IMERGHH,V07B
2015-12-02T19:30:00Z,13.0827,80.2707,,MISSING,3B-HHR.MS.MRG.3IMERG.20151202-S193000-E195959.1170.V07B.HDF5,GPM_3IMERGHH,V07B
2015-12-02T20:00:00Z,13.0827,80.2707,,MISSING,3B-HHR.MS.MRG.3IMERG.20151202-S200000-E202959.1200.V07B.HDF5,GPM_3IMERGHH,V07B
2015-12-02T20:30:00Z,13.0827,80.2707,,MISSING,3B-HHR.MS.MRG.3IMERG.20151202-S203000-E205959.1230.V07B.HDF5,GPM_3IMERGHH,V07B
2015-12-02T21:00:00Z,13.0827,80.2707,,MISSING,3B-HHR.MS.MRG.3IMERG.20151202-S210000-E212959.1260.V07B.HDF5,GPM_3IMERGHH,V07B
2015-12-02T21:30:00Z,13.0827,80.2707,,MISSING,3B-HHR.MS.MRG.3IMERG.20151202-S213000-E215959.1290.V07B.HDF5,GPM_3IMERGHH,V07B
2015-12-02T22:00:00Z,13.0827,80.2707,,MISSING,3B-HHR.MS.MRG.3IMERG.20151202-S220000-E222959.1320.V07B.HDF5,GPM_3IMERGHH,V07B
2015-12-02T22:30:00Z,13.0827,80.2707,,MISSING,3B-HHR.MS.MRG.3IMERG.20151202-S223000-E225959.1350.V07B.HDF5,GPM_3IMERGHH,V07B
2015-12-02T23:00:00Z,13.0827,80.2707,,MISSING,3B-HHR.MS.MRG.3IMERG.20151202-S230000-E232959.1380.V07B.HDF5,GPM_3IMERGHH,V07B
2015-12-02T23:30:00Z,13.0827,80.2707,,MISSING,3B-HHR.MS.MRG.3IMERG.20151202-S233000-E235959.1410.V07B.HDF5,GPM_3IMERGHH,V07B
2015-12-03T00:00:00Z,13.0827,80.2707,,MISSING,3B-HHR.MS.MRG.3IMERG.20151203-S000000-E002959.0000.V07B.HDF5,GPM_3IMERGHH,V07B
2015-12-03T00:30:00Z,13.0827,80.2707,,MISSING,3B-HHR.MS.MRG.3IMERG.20151203-S003000-E005959.0030.V07B.HDF5,GPM_3IMERGHH,V07B
2015-12-03T01:00:00Z,13.0827,80.2707,,MISSING,3B-HHR.MS.MRG.3IMERG.20151203-S010000-E012959.0060.V07B.HDF5,GPM_3IMERGHH,V07B
2015-12-03T01:30:00Z,13.0827,80.2707,,MISSING,3B-HHR.MS.MRG.3IMERG.20151203-S013000-E015959.0090.V07B.HDF5,GPM_3IMERGHH,V07B
2015-12-03T02:00:00Z,13.0827,80.2707,,MISSING,3B-HHR.MS.MRG.3IMERG.20151203-S020000-E022959.0120.V07B.HDF5,GPM_3IMERGHH,V07B
2015-12-03T02:30:00Z,13.0827,80.2707,,MISSING,3B-HHR.MS.MRG.3IMERG.20151203-S023000-E025959.0150.V07B.HDF5,GPM_3IMERGHH,V07B
2015-12-03T03:00:00Z,13.0827,80.2707,,MISSING,3B-HHR.MS.MRG.3IMERG.20151203-S030000-E032959.0180.V07B.HDF5,GPM_3IMERGHH,V07B
2015-12-03T03:30:00Z,13.0827,80.2707,,MISSING,3B-HHR.MS.MRG.3IMERG.20151203-S033000-E035959.0210.V07B.HDF5,GPM_3IMERGHH,V07B
2015-12-03T04:00:00Z,13.0827,80.2707,,MISSING,3B-HHR.MS.MRG.3IMERG.20151203-S040000-E042959.0240.V07B.HDF5,GPM_3IMERGHH,V07B
2015-12-03T04:30:00Z,13.0827,80.2707,,MISSING,3B-HHR.MS.MRG.3IMERG.20151203-S043000-E045959.0270.V07B.HDF5,GPM_3IMERGHH,V07B
2015-12-03T05:00:00Z,13.0827,80.2707,,MISSING,3B-HHR.MS.MRG.3IMERG.20151203-S050000-E052959.0300.V07B.HDF5,GPM_3IMERGHH,V07B
2015-12-03T05:30:00Z,13.0827,80.2707,,MISSING,3B-HHR.MS.MRG.3IMERG.20151203-S053000-E055959.0330.V07B.HDF5,GPM_3IMERGHH,V07B
2015-12-03T06:00:00Z,13.0827,80.2707,,MISSING,3B-HHR.MS.MRG.3IMERG.20151203-S060000-E062959.0360.V07B.HDF5,GPM_3IMERGHH,V07B
2015-12-03T06:30:00Z,13.0827,80.2707,,MISSING,3B-HHR.MS.MRG.3IMERG.20151203-S063000-E065959.0390.V07B.HDF5,GPM_3IMERGHH,V07B
2015-12-03T07:00:00Z,13.0827,80.2707,,MISSING,3B-HHR.MS.MRG.3IMERG.20151203-S070000-E072959.0420.V07B.HDF5,GPM_3IMERGHH,V07B
2015-12-03T07:30:00Z,13.0827,80.2707,,MISSING,3B-HHR.MS.MRG.3IMERG.20151203-S073000-E075959.0450.V07B.HDF5,GPM_3IMERGHH,V07B
2015-12-03T08:00:00Z,13.0827,80.2707,,MISSING,3B-HHR.MS.MRG.3IMERG.20151203-S080000-E082959.0480.V07B.HDF5,GPM_3IMERGHH,V07B
2015-12-03T08:30:00Z,13.0827,80.2707,,MISSING,3B-HHR.MS.MRG.3IMERG.20151203-S083000-E085959.0510.V07B.HDF5,GPM_3IMERGHH,V07B
2015-12-03T09:00:00Z,13.0827,80.2707,,MISSING,3B-HHR.MS.MRG.3IMERG.20151203-S090000-E092959.0540.V07B.HDF5,GPM_3IMERGHH,V07B
2015-12-03T09:30:00Z,13.0827,80.2707,,MISSING,3B-HHR.MS.MRG.3IMERG.20151203-S093000-E095959.0570.V07B.HDF5,GPM_3IMERGHH,V07B
2015-12-03T10:00:00Z,13.0827,80.2707,,MISSING,3B-HHR.MS.MRG.3IMERG.20151203-S100000-E102959.0600.V07B.HDF5,GPM_3IMERGHH,V07B
2015-12-03T10:30:00Z,13.0827,80.2707,,MISSING,3B-HHR.MS.MRG.3IMERG.20151203-S103000-E105959.0630.V07B.HDF5,GPM_3IMERGHH,V07B
2015-12-03T11:00:00Z,13.0827,80.2707,,MISSING,3B-HHR.MS.MRG.3IMERG.20151203-S110000-E112959.0660.V07B.HDF5,GPM_3IMERGHH,V07B
2015-12-03T11:30:00Z,13.0827,80.2707,,MISSING,3B-HHR.MS.MRG.3IMERG.20151203-S113000-E115959.0690.V07B.HDF5,GPM_3IMERGHH,V07B
2015-12-03T12:00:00Z,13.0827,80.2707,,MISSING,3B-HHR.MS.MRG.3IMERG.20151203-S120000-E122959.0720.V07B.HDF5,GPM_3IMERGHH,V07B
2015-12-03T12:30:00Z,13.0827,80.2707,,MISSING,3B-HHR.MS.MRG.3IMERG.20151203-S123000-E125959.0750.V07B.HDF5,GPM_3IMERGHH,V07B
2015-12-03T13:00:00Z,13.0827,80.2707,,MISSING,3B-HHR.MS.MRG.3IMERG.20151203-S130000-E132959.0780.V07B.HDF5,GPM_3IMERGHH,V07B
2015-12-03T13:30:00Z,13.0827,80.2707,,MISSING,3B-HHR.MS.MRG.3IMERG.20151203-S133000-E135959.0810.V07B.HDF5,GPM_3IMERGHH,V07B
2015-12-03T14:00:00Z,13.0827,80.2707,,MISSING,3B-HHR.MS.MRG.3IMERG.20151203-S140000-E142959.0840.V07B.HDF5,GPM_3IMERGHH,V07B
2015-12-03T14:30:00Z,13.0827,80.2707,,MISSING,3B-HHR.MS.MRG.3IMERG.20151203-S143000-E145959.0870.V07B.HDF5,GPM_3IMERGHH,V07B
2015-12-03T15:00:00Z,13.0827,80.2707,,MISSING,3B-HHR.MS.MRG.3IMERG.20151203-S150000-E152959.0900.V07B.HDF5,GPM_3IMERGHH,V07B
2015-12-03T15:30:00Z,13.0827,80.2707,,MISSING,3B-HHR.MS.MRG.3IMERG.20151203-S153000-E155959.0930.V07B.HDF5,GPM_3IMERGHH,V07B
2015-12-03T16:00:00Z,13.0827,80.2707,,MISSING,3B-HHR.MS.MRG.3IMERG.20151203-S160000-E162959.0960.V07B.HDF5,GPM_3IMERGHH,V07B
2015-12-03T16:30:00Z,13.0827,80.2707,,MISSING,3B-HHR.MS.MRG.3IMERG.20151203-S163000-E165959.0990.V07B.HDF5,GPM_3IMERGHH,V07B
2015-12-03T17:00:00Z,13.0827,80.2707,,MISSING,3B-HHR.MS.MRG.3IMERG.20151203-S170000-E172959.1020.V07B.HDF5,GPM_3IMERGHH,V07B
2015-12-03T17:30:00Z,13.0827,80.2707,,MISSING,3B-HHR.MS.MRG.3IMERG.20151203-S173000-E175959.1050.V07B.HDF5,GPM_3IMERGHH,V07B
2015-12-03T18:00:00Z,13.0827,80.2707,,MISSING,3B-HHR.MS.MRG.3IMERG.20151203-S180000-E182959.1080.V07B.HDF5,GPM_3IMERGHH,V07B
2015-12-03T18:30:00Z,13.0827,80.2707,,MISSING,3B-HHR.MS.MRG.3IMERG.20151203-S183000-E185959.1110.V07B.HDF5,GPM_3IMERGHH,V07B
2015-12-03T19:00:00Z,13.0827,80.2707,,MISSING,3B-HHR.MS.MRG.3IMERG.20151203-S190000-E192959.1140.V07B.HDF5,GPM_3IMERGHH,V07B
2015-12-03T19:30:00Z,13.0827,80.2707,,MISSING,3B-HHR.MS.MRG.3IMERG.20151203-S193000-E195959.1170.V07B.HDF5,GPM_3IMERGHH,V07B
2015-12-03T20:00:00Z,13.0827,80.2707,,MISSING,3B-HHR.MS.MRG.3IMERG.20151203-S200000-E202959.1200.V07B.HDF5,GPM_3IMERGHH,V07B
2015-12-03T20:30:00Z,13.0827,80.2707,,MISSING,3B-HHR.MS.MRG.3IMERG.20151203-S203000-E205959.1230.V07B.HDF5,GPM_3IMERGHH,V07B
2015-12-03T21:00:00Z,13.0827,80.2707,,MISSING,3B-HHR.MS.MRG.3IMERG.20151203-S210000-E212959.1260.V07B.HDF5,GPM_3IMERGHH,V07B
2015-12-03T21:30:00Z,13.0827,80.2707,,MISSING,3B-HHR.MS.MRG.3IMERG.20151203-S213000-E215959.1290.V07B.HDF5,GPM_3IMERGHH,V07B
2015-12-03T22:00:00Z,13.0827,80.2707,,MISSING,3B-HHR.MS.MRG.3IMERG.20151203-S220000-E222959.1320.V07B.HDF5,GPM_3IMERGHH,V07B
2015-12-03T22:30:00Z,13.0827,80.2707,,MISSING,3B-HHR.MS.MRG.3IMERG.20151203-S223000-E225959.1350.V07B.HDF5,GPM_3IMERGHH,V07B
2015-12-03T23:00:00Z,13.0827,80.2707,,MISSING,3B-HHR.MS.MRG.3IMERG.20151203-S230000-E232959.1380.V07B.HDF5,GPM_3IMERGHH,V07B
2015-12-03T23:30:00Z,13.0827,80.2707,,MISSING,3B-HHR.MS.MRG.3IMERG.20151203-S233000-E235959.1410.V07B.HDF5,GPM_3IMERGHH,V07B
2015-12-04T00:00:00Z,13.0827,80.2707,,MISSING,3B-HHR.MS.MRG.3IMERG.20151204-S000000-E002959.0000.V07B.HDF5,GPM_3IMERGHH,V07B
2015-12-04T00:30:00Z,13.0827,80.2707,,MISSING,3B-HHR.MS.MRG.3IMERG.20151204-S003000-E005959.0030.V07B.HDF5,GPM_3IMERGHH,V07B
2015-12-04T01:00:00Z,13.0827,80.2707,,MISSING,3B-HHR.MS.MRG.3IMERG.20151204-S010000-E012959.0060.V07B.HDF5,GPM_3IMERGHH,V07B
2015-12-04T01:30:00Z,13.0827,80.2707,,MISSING,3B-HHR.MS.MRG.3IMERG.20151204-S013000-E015959.0090.V07B.HDF5,GPM_3IMERGHH,V07B
2015-12-04T02:00:00Z,13.0827,80.2707,,MISSING,3B-HHR.MS.MRG.3IMERG.20151204-S020000-E022959.0120.V07B.HDF5,GPM_3IMERGHH,V07B
2015-12-04T02:30:00Z,13.0827,80.2707,,MISSING,3B-HHR.MS.MRG.3IMERG.20151204-S023000-E025959.0150.V07B.HDF5,GPM_3IMERGHH,V07B
2015-12-04T03:00:00Z,13.0827,80.2707,,MISSING,3B-HHR.MS.MRG.3IMERG.20151204-S030000-E032959.0180.V07B.HDF5,GPM_3IMERGHH,V07B
2015-12-04T03:30:00Z,13.0827,80.2707,,MISSING,3B-HHR.MS.MRG.3IMERG.20151204-S033000-E035959.0210.V07B.HDF5,GPM_3IMERGHH,V07B
2015-12-04T04:00:00Z,13.0827,80.2707,,MISSING,3B-HHR.MS.MRG.3IMERG.20151204-S040000-E042959.0240.V07B.HDF5,GPM_3IMERGHH,V07B
2015-12-04T04:30:00Z,13.0827,80.2707,,MISSING,3B-HHR.MS.MRG.3IMERG.20151204-S043000-E045959.0270.V07B.HDF5,GPM_3IMERGHH,V07B
2015-12-04T05:00:00Z,13.0827,80.2707,,MISSING,3B-HHR.MS.MRG.3IMERG.20151204-S050000-E052959.0300.V07B.HDF5,GPM_3IMERGHH,V07B
2015-12-04T05:30:00Z,13.0827,80.2707,,MISSING,3B-HHR.MS.MRG.3IMERG.20151204-S053000-E055959.0330.V07B.HDF5,GPM_3IMERGHH,V07B
2015-12-04T06:00:00Z,13.0827,80.2707,,MISSING,3B-HHR.MS.MRG.3IMERG.20151204-S060000-E062959.0360.V07B.HDF5,GPM_3IMERGHH,V07B
2015-12-04T06:30:00Z,13.0827,80.2707,,MISSING,3B-HHR.MS.MRG.3IMERG.20151204-S063000-E065959.0390.V07B.HDF5,GPM_3IMERGHH,V07B
2015-12-04T07:00:00Z,13.0827,80.2707,,MISSING,3B-HHR.MS.MRG.3IMERG.20151204-S070000-E072959.0420.V07B.HDF5,GPM_3IMERGHH,V07B
2015-12-04T07:30:00Z,13.0827,80.2707,,MISSING,3B-HHR.MS.MRG.3IMERG.20151204-S073000-E075959.0450.V07B.HDF5,GPM_3IMERGHH,V07B
2015-12-04T08:00:00Z,13.0827,80.2707,,MISSING,3B-HHR.MS.MRG.3IMERG.20151204-S080000-E082959.0480.V07B.HDF5,GPM_3IMERGHH,V07B
2015-12-04T08:30:00Z,13.0827,80.2707,,MISSING,3B-HHR.MS.MRG.3IMERG.20151204-S083000-E085959.0510.V07B.HDF5,GPM_3IMERGHH,V07B
2015-12-04T09:00:00Z,13.0827,80.2707,,MISSING,3B-HHR.MS.MRG.3IMERG.20151204-S090000-E092959.0540.V07B.HDF5,GPM_3IMERGHH,V07B
2015-12-04T09:30:00Z,13.0827,80.2707,,MISSING,3B-HHR.MS.MRG.3IMERG.20151204-S093000-E095959.0570.V07B.HDF5,GPM_3IMERGHH,V07B
2015-12-04T10:00:00Z,13.0827,80.2707,,MISSING,3B-HHR.MS.MRG.3IMERG.20151204-S100000-E102959.0600.V07B.HDF5,GPM_3IMERGHH,V07B
2015-12-04T10:30:00Z,13.0827,80.2707,,MISSING,3B-HHR.MS.MRG.3IMERG.20151204-S103000-E105959.0630.V07B.HDF5,GPM_3IMERGHH,V07B
2015-12-04T11:00:00Z,13.0827,80.2707,,MISSING,3B-HHR.MS.MRG.3IMERG.20151204-S110000-E112959.0660.V07B.HDF5,GPM_3IMERGHH,V07B
2015-12-04T11:30:00Z,13.0827,80.2707,,MISSING,3B-HHR.MS.MRG.3IMERG.20151204-S113000-E115959.0690.V07B.HDF5,GPM_3IMERGHH,V07B
2015-12-04T12:00:00Z,13.0827,80.2707,,MISSING,3B-HHR.MS.MRG.3IMERG.20151204-S120000-E122959.0720.V07B.HDF5,GPM_3IMERGHH,V07B
2015-12-04T12:30:00Z,13.0827,80.2707,,MISSING,3B-HHR.MS.MRG.3IMERG.20151204-S123000-E125959.0750.V07B.HDF5,GPM_3IMERGHH,V07B
2015-12-04T13:00:00Z,13.0827,80.2707,,MISSING,3B-HHR.MS.MRG.3IMERG.20151204-S130000-E132959.0780.V07B.HDF5,GPM_3IMERGHH,V07B
2015-12-04T13:30:00Z,13.0827,80.2707,,MISSING,3B-HHR.MS.MRG.3IMERG.20151204-S133000-E135959.0810.V07B.HDF5,GPM_3IMERGHH,V07B
2015-12-04T14:00:00Z,13.0827,80.2707,,MISSING,3B-HHR.MS.MRG.3IMERG.20151204-S140000-E142959.0840.V07B.HDF5,GPM_3IMERGHH,V07B
2015-12-04T14:30:00Z,13.0827,80.2707,,MISSING,3B-HHR.MS.MRG.3IMERG.20151204-S143000-E145959.0870.V07B.HDF5,GPM_3IMERGHH,V07B
2015-12-04T15:00:00Z,13.0827,80.2707,,MISSING,3B-HHR.MS.MRG.3IMERG.20151204-S150000-E152959.0900.V07B.HDF5,GPM_3IMERGHH,V07B
2015-12-04T15:30:00Z,13.0827,80.2707,,MISSING,3B-HHR.MS.MRG.3IMERG.20151204-S153000-E155959.0930.V07B.HDF5,GPM_3IMERGHH,V07B
2015-12-04T16:00:00Z,13.0827,80.2707,,MISSING,3B-HHR.MS.MRG.3IMERG.20151204-S160000-E162959.0960.V07B.HDF5,GPM_3IMERGHH,V07B
2015-12-04T16:30:00Z,13.0827,80.2707,,MISSING,3B-HHR.MS.MRG.3IMERG.20151204-S163000-E165959.0990.V07B.HDF5,GPM_3IMERGHH,V07B
2015-12-04T17:00:00Z,13.0827,80.2707,,MISSING,3B-HHR.MS.MRG.3IMERG.20151204-S170000-E172959.1020.V07B.HDF5,GPM_3IMERGHH,V07B
2015-12-04T17:30:00Z,13.0827,80.2707,,MISSING,3B-HHR.MS.MRG.3IMERG.20151204-S173000-E175959.1050.V07B.HDF5,GPM_3IMERGHH,V07B
2015-12-04T18:00:00Z,13.0827,80.2707,,MISSING,3B-HHR.MS.MRG.3IMERG.20151204-S180000-E182959.1080.V07B.HDF5,GPM_3IMERGHH,V07B
2015-12-04T18:30:00Z,13.0827,80.2707,,MISSING,3B-HHR.MS.MRG.3IMERG.20151204-S183000-E185959.1110.V07B.HDF5,GPM_3IMERGHH,V07B
2015-12-04T19:00:00Z,13.0827,80.2707,,MISSING,3B-HHR.MS.MRG.3IMERG.20151204-S190000-E192959.1140.V07B.HDF5,GPM_3IMERGHH,V07B
2015-12-04T19:30:00Z,13.0827,80.2707,,MISSING,3B-HHR.MS.MRG.3IMERG.20151204-S193000-E195959.1170.V07B.HDF5,GPM_3IMERGHH,V07B
2015-12-04T20:00:00Z,13.0827,80.2707,,MISSING,3B-HHR.MS.MRG.3IMERG.20151204-S200000-E202959.1200.V07B.HDF5,GPM_3IMERGHH,V07B
2015-12-04T20:30:00Z,13.0827,80.2707,,MISSING,3B-HHR.MS.MRG.3IMERG.20151204-S203000-E205959.1230.V07B.HDF5,GPM_3IMERGHH,V07B
2015-12-04T21:00:00Z,13.0827,80.2707,,MISSING,3B-HHR.MS.MRG.3IMERG.20151204-S210000-E212959.1260.V07B.HDF5,GPM_3IMERGHH,V07B
2015-12-04T21:30:00Z,13.0827,80.2707,,MISSING,3B-HHR.MS.MRG.3IMERG.20151204-S213000-E215959.1290.V07B.HDF5,GPM_3IMERGHH,V07B
2015-12-04T22:00:00Z,13.0827,80.2707,,MISSING,3B-HHR.MS.MRG.3IMERG.20151204-S220000-E222959.1320.V07B.HDF5,GPM_3IMERGHH,V07B
2015-12-04T22:30:00Z,13.0827,80.2707,,MISSING,3B-HHR.MS.MRG.3IMERG.20151204-S223000-E225959.1350.V07B.HDF5,GPM_3IMERGHH,V07B
2015-12-04T23:00:00Z,13.0827,80.2707,,MISSING,3B-HHR.MS.MRG.3IMERG.20151204-S230000-E232959.1380.V07B.HDF5,GPM_3IMERGHH,V07B
2015-12-04T23:30:00Z,13.0827,80.2707,,MISSING,3B-HHR.MS.MRG.3IMERG.20151204-S233000-E235959.1410.V07B.HDF5,GPM_3IMERGHH,V07B
2015-12-05T00:00:00Z,13.0827,80.2707,,MISSING,3B-HHR.MS.MRG.3IMERG.20151205-S000000-E002959.0000.V07B.HDF5,GPM_3IMERGHH,V07B
